guba_name,postnums,readnum,replynum,post_id,create_time,author_url,content,title
玉米吧,479,657191970,13537,"news,cjpl,419809422",2016-06-15T17:19:31Z,http://iguba.eastmoney.com/6712111507146464,,1分钟极速开户，送3重惊喜！每月还能赚巨额现金奖励
焦炭吧,3335,1790,5,"news,fdcej,233218236",2015-12-18T21:33:38Z,http://iguba.eastmoney.com/6495111967212750,开空啊,庄在诱多
豆油吧,127,19874,23,"news,fdcey,582100623",2016-12-23T11:07:39Z,http://iguba.eastmoney.com/8953094786994162,美国豆油连续暴跌！！,美国豆油连续暴跌！！
豆粕吧,791,2724,14,"news,fdcem,106128577",2014-04-01T03:15:40Z,http://iguba.eastmoney.com/6972093910192020,四月底收盘将是一根带上影线的巨阴线！,终极诱多完结后所有多散瞬间一夜回到解放前！
PTA吧,616,1076205,5310,"news,fczceta,138447392",2014-12-26T21:31:43Z,http://iguba.eastmoney.com/3820112580250870,先是探底路，从4800元到4600元间，然后回升到4880元，明年重上5600元，和国际原油价配合，国际原油价也是56美元到48美元的探底路结束后，会上升回70美元附近。,PTA505合约在4720元至4860元间运行 明年大涨！
棕榈油吧,156,23792,23,"news,fdcep,565589773",2016-11-05T10:07:57Z,http://iguba.eastmoney.com/3398094207205302,,农产品牛市处于第三主升浪之中！
聚乙烯吧,45,429510,1420,"news,fdcel,99997951",2014-02-18T09:52:56Z,http://iguba.eastmoney.com/6959313230078950,开春第一次机会，,塑料1405在今天10550附近可以开多单。
棉花吧,230,27656,42,"news,fczcecf,626585009",2017-04-10T09:51:44Z,http://iguba.eastmoney.com/6663094041961110,菜粕！现货价2540元！菜粕1709合约2500以下---坚决开 多单！,菜粕现货价2540元！菜粕2500以下开多单！
硅铁吧,167,9489,13,"news,fczcesf,619258203",2017-03-21T09:10:21Z,http://iguba.eastmoney.com/6663094041961110,菜粕现货价 2540元！期货 菜粕 1709合约 价 2500 以下 坚决开 多单！！,菜粕现货价2540元！09合约2500以下坚决开多单
锰硅吧,60,19654,9,"news,fczcesm,596608306",2017-01-29T16:45:34Z,http://iguba.eastmoney.com/8204094179552196,锰硅合金即是铁合金的重要原料，也是炼钢的脱氧剂，用量较大，我国年产1000多万吨锰硅合金。从锰硅采矿到锰硅合金冶炼，多数企业规模小，产能低，技术含量低，产能过剩，2015年锰硅价格下跌，造成行业亏损严重，2016年锰硅企业积极主动去产能，取得显著成效，使锰硅价格回升，支撑了期货价格走强。因此，锰硅期货商品引起了机构投资者的关注和介入，成交量迅速放大。春节过后2月3月炒作黄金季节，锰硅705合约成交量将会成倍放大，将会成为期货商品热炒品种。期货价格将以7000为中轴，上下振幅1000。随着环保趋严，政府去产能坚决，企业在去产能中得到实惠，去产能主动，705期货主力合约贴水1000左右，期货价格向上的振幅更大。（公开资料整理，仅供参考）,锰硅将会成为期货商品热炒品种
线材吧,54,24863,21,"news,fshfewr,622683971",2017-03-29T22:25:02Z,http://iguba.eastmoney.com/4427094387594844,我开个记录贴，记录复盘和做单计划，考核一下盈亏比例！,我开个记录贴，记录复盘和做单计划，考核一下盈亏比例！
沪铅吧,159,4279,1,"news,fshfepb,693563536",2017-08-17T11:44:17Z,http://iguba.eastmoney.com/5033094348446086,内幕有大资金在操盘,内幕有大资金在操盘
强麦吧,15,9877,2,"news,fczcewh801,629177625",2017-04-15T22:11:33Z,http://iguba.eastmoney.com/9528094483641564,这货参与的人太少了，自慰挺着吧。,WH705周五收盘多单扫上去好耍吗？
铁矿石吧,11030,6412,6,"news,fdcei,260510375",2016-02-22T10:47:03Z,http://iguba.eastmoney.com/7238094196350024,327重仓空，爆了！太惨烈了,爆仓了
沪铝吧,399,6056,2,"news,fshfeal,690455867",2017-08-08T20:41:12Z,http://iguba.eastmoney.com/6034113380544288,拭目以待！,从内外盘看，一轮大行情已经开始了！
沪铜吧,465,8774,8,"news,fshfecu,268074028",2016-03-10T14:35:04Z,http://iguba.eastmoney.com/3564113348448018,3.10日内新华铜操作建议,3.10日内新华铜操作建议
鸡蛋吧,2682,6042,5,"news,fdcejd,167892540",2015-05-21T10:40:45Z,http://iguba.eastmoney.com/5124112758482870,【司令】鲁泰安流氓<weifeng7436782@qq.com> 20:49:43 屋里也有，车上刚开回来,给大家发个好东东，鸡蛋收购商QQ群里收购商之间的对话，日期2015.5.20
橡胶吧,3512,14367,81,"news,fshferu,122986684",2014-09-12T09:29:27Z,http://iguba.eastmoney.com/3685093978050756,,可用资金终于变为正数了。
沪锌吧,635,9911,4,"news,fshfezn,118063577",2014-08-12T14:16:35Z,http://iguba.eastmoney.com/7117112360448854,期货平仓防做反，买华东重机002685=避险=赚5倍,期货平仓防做反，买华东重机002685=避险=赚5倍
胶合板吧,25,9697,4,"news,fdcebb,634130434",2017-04-26T14:33:50Z,http://iguba.eastmoney.com/7318093967479038,重大利好！---菜粕现货价 2580 元！期货 菜粕 1709合约 价 2500 以下坚决 开多单！,菜粕！央视天气重大利多！平空单！开多单！
聚丙烯吧,60,7766,1,"news,fdcepp,628145117",2017-04-13T09:26:23Z,http://iguba.eastmoney.com/4774134667544078,今天玻璃现货市场整体走势尚可，生产企业以削减库存为主，市场价格小幅变化。上周以来华南、华东等地区厂家集体涨价，对贸易商的市场信心有一定的提振作用。而目前玻璃加工企业订单情况一般，采购玻璃原片的积极性并没有明显的改善。,削减库存为主 玻璃成本趋于合理——期乐网
纤维板吧,13,11201,30,"news,fdcefb,99397674",2014-02-11T11:07:19Z,http://iguba.eastmoney.com/8025093904423998,像割韭菜一样，先割下一茬，等韭菜涨起来再割它!!!,66.50空纤板1405先收获了一茬
燃料油吧,50,22798,8,"news,fshfefu,74996236",2013-05-05T15:31:31Z,http://iguba.eastmoney.com/4287113590430030,大小非88888888888,大小非88888888888
早籼稻吧,7,8822,3,"news,fczceer,626643936",2017-04-10T11:11:45Z,http://iguba.eastmoney.com/6663094041961110,菜粕！重大利好！3月22日晚，中央电视台天气播报：长江中下游是我国主要油菜籽的产,菜粕现货价2540元！09合约2500以下开多单！
晚籼稻吧,8,4531,0,"news,fczcelr,637037911",2017-05-04T15:54:06Z,http://iguba.eastmoney.com/1621134917980198,油价或持续回升,油价或持续回升
螺纹钢吧,24817,2953,6,"news,fshferb,130736131",2014-11-18T10:44:22Z,http://iguba.eastmoney.com/1144013826669408,,感觉空头在对敲 根本就没有真的在卖出
白砂糖吧,315,17731,17,"news,fczcesr,568947103",2016-11-15T11:14:37Z,http://iguba.eastmoney.com/7928094406657870,现在要做多，我也只敢多白糖。,现在要做多，我也只敢多白糖。
动力煤吧,485,22361,25,"news,fczcetc,591385890",2017-01-18T19:03:54Z,http://iguba.eastmoney.com/2466094056031764,立马多翻空空单加倍加量狂持长线。多单无论高低立马闪人大逃亡。牢记倒计时离春节还有不到六个工作日春节后三月十五日全国一停止供暖煤就突变不值钱飞流直下狂跌所以抓紧一切时间趁节前猛抢等没戏。,立马多翻空空单加倍加量狂持长线。多单无论高低立马闪人大逃亡。牢记倒计时离春节还有不到六个工作日春节后三月十五日全国一停止供暖煤就突变不值钱飞流直下狂跌所以抓紧一
期货吧,112961,57990,25,"news,qh,124245146",2014-09-23T15:10:44Z,http://iguba.eastmoney.com/8895094062560710,汇融天下骗子曝光 天涯消费投诉网,汇融天下骗子曝光 天涯消费投诉网
IF01吧,8,16408,6,"news,if01,74996125",2013-05-05T15:25:06Z,http://iguba.eastmoney.com/4287113590430030,大小非88888888,大小非88888888
IF07吧,20,10319,0,"news,if07,635637403",2017-04-30T22:35:10Z,http://iguba.eastmoney.com/7221094026618128,重大利好！---菜粕现货价 2580 元！期货 菜粕 1709合约 价 2500 以下坚决 开多单！,菜粕！央视天气重大利多！平空单！开多单！
IF03吧,14,14915,2,"news,if03,64349107",2013-03-08T16:59:56Z,http://iguba.eastmoney.com/5667113574135008,K线系统中的大周期将限制小周期，小周期将服从大周期，这也是证券物理学理论观点之一。在相对短周期的K线无法准确显示未来趋势的时候，我们必须将K线图换到周期更长的线图下分析。针对场内无数人对大盘年内将运行至3000点甚至5、6000点的美好憧憬，我们将K线图换至10日K线周期看看当其属于何种情况：从图中可以看出，虽然起自1949点的这一轮上涨十分流畅，但10日K线系统的布林线呈现标准的箱体形态，箱顶箱底及中位分别位于2515、1947和2231点，预示着大盘将在未来很长时间内运行于该区间；该周期下面的60线目前位于2495点且将缓慢下移，该均线也将是大盘未来强有力点阻力线。由此可见，一看见阳线就立即盲目乐观的那些每年都在梦想大盘即将突破3000而到达5、6000点的想法实属自作多情。我们反复强调，当前中国股市仍然运行于标准的超级大熊市里面，还没有任何理由可以认为股市已经开始下一轮牛市的运行，一切死多头思维都只能促使其处于继续被套状态，在做空机制迟早都会全面推出的未来，他们必将被市场彻底消灭！,K线系统中的大周期将限制小周期，小周期将服从大周期，这也是证券物理学理论观点之一。在相对短周期的K线
IF02吧,3,2492,0,"news,if02,695621477",2017-08-24T14:05:44Z,http://iguba.eastmoney.com/4238055033834174,"刘风《刘峰》 男，主任医师，教授，血液科主任，硕士，研究生导师，现任北京西京。毕业于北京中药大学，1986年中西医结合血液病临床硕士研究生毕业，师从周霭祥教授。曾进修西医基础1年和骨髓移植。一直从事中西医结合血液病临床工作30余年。主编《中西医临床血液病学》、《中西医结合治疗白血病策略》，专著《白血病》，副主编和参编专业书籍10余部,发表学术论文80余篇,参加国家级、省部级和院级科研课题11项，主持“益髓青黄散治疗骨增生异常综合征的临床研究”、“再生障碍性贫血的中医辨证规范与疗效评价研究”等研究课题.获各级科研成果4项。",北京西苑刘风大夫治疗白血病专业
IF08吧,13,5615,0,"news,if08,663218993",2017-06-30T12:47:04Z,http://iguba.eastmoney.com/2526112650277642,袖珍最新次新股公司核心题材及概念和投资要点(掘未来大牛股)：,袖珍最新次新股公司核心题材及概念和投资要点(掘未来大牛股)
IF10吧,8,5146,2,"news,if10,683970865",2017-07-29T10:31:29Z,http://iguba.eastmoney.com/2486112593168488,袖珍次新股公司核心题材及概念和投资要点掘未来大黑马（精华版）,袖珍次新股核心题材概念和投资要点掘未来大黑马（精华版）
IF12吧,6,14166,1,"news,if12,615294964",2017-03-08T18:10:03Z,http://iguba.eastmoney.com/6952094294415696,恒生指数，香港股市价格的重要指标，指数由若干只成份股（即蓝筹股）市值计算出来的，代表了香港交易所所有上市公司的12个月平均市值涵盖率的63%，恒生指数由恒生银行下属恒生指数有限公司负责计算及按季检讨，公布成份股调整。,恒生指数是什么
IF04吧,17,11822,52,"news,if04,618576512",2017-03-18T13:59:11Z,http://iguba.eastmoney.com/1290112922643706,,南京藏龙卧虎，高手真多！
IF05吧,62,11194,2,"news,if05,109414941",2014-05-03T08:47:00Z,http://iguba.eastmoney.com/8563613366403226,。。。。,一旦有个好事中国人就会蜂拥而至，结果好事就办砸了。
IF06吧,27,17018,5,"news,if06,74996008",2013-05-05T15:16:18Z,http://iguba.eastmoney.com/4287113590430030,大小非888888,大小非888888
IF09吧,13,18673,7,"news,if09,74996145",2013-05-05T15:26:21Z,http://iguba.eastmoney.com/4287113590430030,大小非888888888,大小非888888888
IF11吧,7,4209,0,"news,if11,630972908",2017-04-19T22:32:27Z,http://iguba.eastmoney.com/7893094879277444,发稿不给钱 网络公关界的垃圾 发稿不给钱的骗子大家注意了海信集团里面的海信冰箱,骗子：海信冰箱做完广告/新闻不给钱大家要小心了
国际板吧,33,17462,1,"news,gjb,591339762",2017-01-18T18:24:46Z,http://iguba.eastmoney.com/2547094335702644,会穿衣服的人工智能,会穿衣服的人工智能
再融资吧,70,54473,11,"news,zrz,593099811",2017-01-22T16:23:25Z,http://iguba.eastmoney.com/6595111736160300,2017年01月20日证监会回应上市公司并购重组时表明：上市公司并购重组是提高上市公司质量、支持实体经济转型升级的有效手段，证监会支持并引导资金更多投向有利于产业整合升级的并购重组，趋利避害，更好发挥并购重组的积极作用。近日召开的中央经济工作会议也提出，资本市场要配合企业兼并重组，要尽可能多兼并重组、少破产清算，并购重组在过剩产能化解中被寄予了更大的期望。2017年01月20日就2016年沪市上市公司并购重组及监管情况，上交所负责人的回答：2016年，沪市并购重组沿着服务实体经济主方向，助改革、强主业、促转型、去产能，产业逻辑和价值导向贯穿始终。从证监会和上交所的表态来看，对于,创兴资源成为净壳等待重大资产重组的研究报告!（转发）
艺术品吧,21,115033,13,"news,ysp,114916253",2014-07-08T09:11:43Z,http://iguba.eastmoney.com/9544113554985974,,古代瓷器动辄上亿 市民家传宝成“幸福的折磨”
权证吧,16,122405,148,"news,ymdf,579890190",2016-12-16T09:26:34Z,http://iguba.eastmoney.com/4540112641040958,其它分析进这里。,无题2
石油沥青吧,1774,31798,557,"news,fshfebu,245761319",2016-01-26T17:40:21Z,http://iguba.eastmoney.com/4291094381582282,简介：英杰，国家注册高级金融分析师（CFA）。原新华大宗特聘分析师，现任新华大宗028会员技术总监，有丰富的实战操盘经验和独特的交易理念。2008年进入贵金属投资市场，目前是《和讯》《新浪》《环球外汇》《中金》 《,英杰：《《今日时时行情走势分析》》
玉米淀粉吧,1075,4725,8,"news,fdcecs,207939633",2015-10-22T14:39:05Z,http://iguba.eastmoney.com/3816113566903754,底部形成，机会来临。,1900元上方买入淀粉1601 等数钱。
创业板吧,10330,312,5,"news,cyb,106284022",2014-04-02T14:03:17Z,http://iguba.eastmoney.com/7476013261790634,3月28号就提醒大家收队。,3月28号就提醒大家收队。
中小板吧,535,3556,20,"news,zxb,207183070",2015-10-19T14:41:31Z,http://iguba.eastmoney.com/3236112958858662,时速可逾500亿比特/秒的超级计算机控制，脑电波+心理干扰，通过卫星无线电，有消息说，和脑电波武器配合使用的，是一种特别研制的武器，心电武器。据说，这种武器研发目的和功能只有一个，让人生气得病。,为人民服务 为人民服务 为人民服务 为人民服务
港股吧,1272,26394,257,"news,gg,623927031",2017-04-01T19:28:23Z,http://iguba.eastmoney.com/1835094017725960,央企国有资本运营公司整体上市、并购重组、资产与运营分离等改革举措,央企国有资本运营公司整体上市、并购重组、资产与运营分离等改革举措
LED吧,8,11114,3,"news,bk0580,549219459",2016-09-07T13:56:05Z,http://iguba.eastmoney.com/5721094727852642,荣壹战斗粉说 三大逻辑下LED板块人气飙升 资金布局12只概念股,三大逻辑下LED板块人气飙升
热轧卷板烯吧,760,8445,3,"news,fshfehc,621028051",2017-03-25T10:59:02Z,http://iguba.eastmoney.com/1963114045689966,热卷不是房地产用材！,热卷不是房地产用材！
理财吧,6195,6122,6,"news,licai,601534265",2017-02-06T08:22:12Z,http://iguba.eastmoney.com/8322094232700436,"中国移动也搞了个理财项目，叫做和聚宝，45天到期的短期理财投资产品，2,28号到期，但是，3月6日了还是不还钱。",中国移动的和聚宝不安全
美股吧,1314,5472,1,"news,meigu,109460384",2014-05-05T07:37:34Z,"http://guba.eastmoney.com/list,meigu.html",,巴菲特阐述幸福观不爱做“房叔”
B股吧,7,4239,0,"news,bk0636,641260708",2017-05-12T11:23:48Z,http://iguba.eastmoney.com/4758094272640214,千万别追高买入护盘的大盘权重股，一旦到了阶段顶部，期货庄家首先借砸权重股砸股指期货。,千万别追高买入护盘的大盘权重股，一旦到了阶段顶部，期货庄家首先借砸权重股砸股指期
OLED吧,51,14970,2,"news,bk0840,396970052",2016-05-20T11:34:43Z,http://iguba.eastmoney.com/8292094322839752,热烈庆祝OLER板块成立，今天也是我第一次全仓进这个板块,热烈庆祝OLER板块成立，今天也是我第一次全仓进这个板块[满仓]
S股吧,371,5452,30,"news,bk0503,584443869",2017-01-01T20:08:22Z,http://iguba.eastmoney.com/8446094347531996,呜呜呜,今天给菜鸟们讲个嘛呢？简单却灰常神圣的趋势线咧
滑头必胜吧,11,11543,0,"news,htbs,631220412",2017-04-20T12:46:33Z,http://iguba.eastmoney.com/3335124864858522,无需企稳直接停牌策划重组600360加入自选股。定向增发价增持价到价就买.布局潜伏赚差价.主升浪要十个月后.,特多
板块龙头吧,107,20598,83,"news,bklt,626471731",2017-04-09T21:16:57Z,http://iguba.eastmoney.com/7602113828188234,（4月10日--4月14日）这周沪综指/,中国重工价格走势预测
实战交流吧,52,4805,3,"news,szjl,226738743",2015-11-29T13:30:53Z,http://iguba.eastmoney.com/3550094485185346,,东方财富PC版的“资金趋势”与“资金博弈”不一致
技术交流吧,65,28787,26,"news,jsjl,593102103",2017-01-22T16:31:45Z,http://iguba.eastmoney.com/7316013412024208,2017年01月20日证监会回应上市公司并购重组时表明：上市公司并购重组是提高上市公司质量、支持实体经济转型升级的有效手段，证监会支持并引导资金更多投向有利于产业整合升级的并购重组，趋利避害，更好发挥并购重组的积极作用。近日召开的中央经济工作会议也提出，资本市场要配合企业兼并重组，要尽可能多兼并重组、少破产清算，并购重组在过剩产能化解中被寄予了更大的期望。2017年01月20日就2016年沪市上市公司并购重组及监管情况，上交所负责人的回答：2016年，沪市并购重组沿着服务实体经济主方向，助改革、强主业、促转型、去产能，产业逻辑和价值导向贯穿始终。从证监会和上交所的表态来看，对于,创兴资源成为净壳等待重大资产重组的研究发现!（转发）
模拟炒股吧,32,9676,5,"news,mncg,89942139",2013-10-24T13:41:52Z,http://iguba.eastmoney.com/8604112701651080,"[上个交易日炒股大赛排名第89名选手]2013年10月24日13:12:33买入陆家嘴 17000股,成交价格21.840元。","买入陆家嘴  17000股,成交价格21.840元"
黑马股吧,119,13479,20,"news,heima,623204835",2017-03-30T22:13:17Z,http://iguba.eastmoney.com/7516013784509980,咯咯咯！抢盘了，抢盘了，黄金砸头！晨鸣投资价值第一股。,咯咯咯咯咯！抢盘了，抢盘了，黄金砸头！晨鸣投资价值第一股。
军工吧,255,1940,0,"news,bk0490,633169426",2017-04-24T16:45:06Z,http://iguba.eastmoney.com/6000094472570724,军工板块跌成这样，真tm奇葩了，不行关了得了,军工板块跌成这样，真tm奇葩了，不行关了得了
创投吧,4,33745,14,"news,bk0506,154016396",2015-03-24T21:49:07Z,http://iguba.eastmoney.com/7590112402531386,,比较有价值的创投股有哪些？
HS300_吧,19,4581,0,"news,bk0500,631777832",2017-04-21T13:07:12Z,http://iguba.eastmoney.com/5799074886157562,涨,涨
中药吧,9,4308,0,"news,bk0615,632983754",2017-04-24T11:36:36Z,http://iguba.eastmoney.com/4703094368478238,,次新面临监管压力，雄安概念短期冲高乏力，资金无处可去唯有拥抱白马股，今天行情呈现
高校吧,2,3068,0,"news,bk0491,687294038",2017-08-03T11:54:37Z,http://iguba.eastmoney.com/4949094413812150,国家队，要进军暴力拉升，安心持有，大胆买入。以后此帖一出代表买入信号，欢迎大家留言点个赞。,国家队，要进军暴力拉升，安心持有，大胆买入。以后此帖一出代表买入信号，欢迎大家留
风能吧,9,4733,0,"news,bk0595,644750372",2017-05-20T13:42:01Z,http://iguba.eastmoney.com/5139094294464160,超级能源“可燃冰”,超级能源“可燃冰” ---能源智采是命！智享智用是脉！ ---尽在能源互联网建设
超级黑马吧,812,841,15,"news,cjhm,77145636",2013-05-23T09:35:57Z,http://iguba.eastmoney.com/5250113672700192,智慧城市---离不开环保产新材，特推【双星新材】！,智慧城市---离不开环保产新材，特推【双星新材】！
大话财经吧,7651,701,0,"news,dhcj,58468837",2012-11-15T12:32:10Z,http://iguba.eastmoney.com/1829112912053848,海南生态循环农业蓬勃发展，农村因此获得了经济效益和生态效益双丰收。,陈毓勇 坚持科学发展观---生态循环绿色发展循环经济
股民学校吧,8572,20375,12,"news,gmxx,49790004",2012-03-20T09:19:42Z,http://iguba.eastmoney.com/7428111481466798,炒股尤如用兵，不知兵法而决战沙场，怎能运筹帷幄，决胜千里?但仅熟读兵书也只是问题的一面，战国的赵括，三国的马谡就是典型代表。那问题的另一面是什么?那就是实践经验。这个方面的提高没有捷境，那就是实践实践再实践。本文讲的仅仅是兵法，如果你问我股市有没有什么绝招，那我说最好的绝招是你坚持每天4小时交易时间盯盘，然后每天晚上再复盘研究两小时，星期天最好别出去，再花8小时总结全周的情况，如果你真能做到全心全意，“衣带渐宽终不悔”，三年后你可会第二招，五年后你可会第三招，八年后你可会第四招。。。。。。呵呵，整个一个神奇数字集合，玩笑乎?天知道!,股市绝顶高手修行大法
股指期货吧,10025,5261,4,"news,gzqh,55024830",2012-07-25T15:32:01Z,http://iguba.eastmoney.com/8140111943041128,周三，股指期货走势呈冲高回落格局，主力合约IF1208低开一度冲高至2400点关口前受阻；午后，市场弱势尽显，IF1208跌破前天的最低价，再度刷新近期新低。截止收，IF1208报2374.0点，跌幅0.48％，增仓2484手；沪深300现指报2360.08点，跌幅0.67％。,期指冲高回落 IF1208增仓创新低
核心内参吧,10621,1758,4,"news,hxnc,44514520",2011-10-03T13:42:02Z,http://iguba.eastmoney.com/9713113176490686,从中国水电的公告来看，如果上市破发，就等于承认他们是在圈钱，打自己的嘴巴。,中国水电的公告
全球股市吧,2272,32815,22,"news,qqgs,99051721",2014-01-31T02:39:49Z,http://iguba.eastmoney.com/7107113309533292,如何才能买美国股市啊？我不想买中国股市了！,如何才能买美国股市啊？我不想买中国股市了！
内幕传闻吧,284,52044,8,"news,nmcw,58619704",2012-11-21T11:16:56Z,http://iguba.eastmoney.com/4367113469377626,有人在上海做过股票配资吗？是在哪家股票配资公司做的？股票配资安全吗？　　 这些问题都是人们常问的，尤其是一些想要配资的股民，对这些问题相当关注，下面小张来为大家简单分析一下，希望对大家有所帮助。　　 股票配资公司现在在上海、江浙一代比较多，而且走的比较火，经过前几年的不断规范整合，股票配资公司已经逐渐走上了规范的道路，尤其是在上海地区，好多配资公司已经运营的比较规范合理。比如申穆线等，当然仍然有一些不具规模的小型的配资公司，但是只要是有正规营业执照，从事过数年配资业务的，一般不会欺骗客户，所以，在这方面，资金安全方面只要是正规的公司都可以，不必过分担心。,有人在上海做过股票配资吗？是在哪家股票配资公司做的？股票配资安全吗？
保险吧,268,13808,18,"news,baoxian,625178628",2017-04-06T10:44:19Z,http://iguba.eastmoney.com/7516013784509980,咯咯咯！抢盘了，抢盘了，黄金砸头！晨鸣投资价值第一股。,哈哈哈咯咯咯！抢盘了，抢盘了，黄金砸头！晨鸣投资价值第一股。
银行吧,807,5712,3,"news,bk0475,599404608",2017-02-03T13:42:00Z,http://iguba.eastmoney.com/4093093956254986,谁能解释一下，为毛江苏省的小银行全都一起上市了？,谁能解释一下，为毛江苏省的小银行全都一起上市了？
外汇吧,16320,9352,20,"news,waihui,83160091",2013-07-19T17:07:07Z,http://iguba.eastmoney.com/5766013742224230,今年股市行情不好，我的一些股民朋友都转向黄金市场了，当然他们有做内盘的，大多还是做香港那边的平台，杠杆较大，我下了个模拟玩了一个星期，就直接在鑫圣金业开了一个户，整个8月，一直盈盈亏亏的没什么问题，但是这几天的行情，金价疯了一样的涨，我很小心地下单，每笔都设置盈利止损，小赚一笔！后来又陆续入单，慢慢地就有一些问题出现了，建仓的时候一直显示正在提交，请稍候…然后就一直卡在那里不动，不得己强制关闭了软件再重新打开，继续操作还是不行，先声明我的网络是没有问题的，四兆带宽。等到第二天可以下单，却发现已经错过行情！这种情况不止一次。鑫圣贵金属没有给我解释，我再也不去这个垃圾鑫圣贵金属平台了。,鑫圣贵金属伪装自己是好平台
私募基金吧,18,3877,4,"news,smjj,536320089",2016-08-19T15:13:00Z,http://iguba.eastmoney.com/5873094715906110,"上海元普公司私募------元普金牛传奇百年一号100万起，申购费1万，管理费2%，止损线0.7,元普违规操作,现净值只剩0.45了，老板张强给投资人造成巨额损失，拒不赔偿损失",上海元普公司私募元普金牛传奇百年一号100万仅剩45万！
投诉建议吧,2,15991,25,"news,tsjy,645335999",2017-05-22T15:08:50Z,http://iguba.eastmoney.com/1254024508375372,顶顶顶顶,单独
吧主申请吧,2,2921,24,"news,bzsq,642957690",2017-05-16T15:41:20Z,http://iguba.eastmoney.com/2975094098154034,尊敬的管理员同志，很感谢您在百忙之中来读我成为,申请成为同德化工（002360）吧主
幸运99鑫吧,172,17760,6,"news,xy99x,550092564",2016-09-09T14:41:25Z,http://iguba.eastmoney.com/4774134667544078,相对于《光环效应：何以追求卓越，基业如何长青》，《左脑思考，右脑执行：管理者如何做出制胜决策》可能不是那么有名。这本书出版于2014年，是瑞士洛桑国际管理学院战略及国际管理教授菲尔·罗森维的第二本书。,左脑清晰思考 右脑理性执行（期乐网）
ST概念吧,25,3981,0,"news,bk0511,641467095",2017-05-12T17:07:29Z,http://iguba.eastmoney.com/1135044722554470,最近2天600112天成好象有小庄活动！,最近2天600112天成好象有小庄活动！
5G概念吧,100,3924,2,"news,bk0714,693147914",2017-08-16T10:29:18Z,http://iguba.eastmoney.com/4821094714101580,五洋通信，电信合作，国家支持，量大从优,五洋通信，电信合作，国家支持 5G 5G
3D打印吧,2,8302,2,"news,bk0619,583393751",2016-12-28T12:05:27Z,http://iguba.eastmoney.com/4949094413812150,买买买,买买买
3D玻璃吧,18,12395,0,"news,bk0881,416054572",2016-06-07T09:27:27Z,http://iguba.eastmoney.com/5840094485976760,第一帖!,第一帖!
财经评论吧,235060,200,1,"news,cjpl,700680475",2010-08-19T16:35:30Z,http://iguba.eastmoney.com/9313013693864916,,海信空调出现质量问题 消费者多次投诉无果
股市实战吧,184301,858569,1651,"news,gssz,562574009",2016-10-26T17:07:36Z,http://iguba.eastmoney.com/5267094396835412,2016年11月~12月及明后年高低点时间表图，抛砖引玉，仅供参考,2016年11月~12月及明后年高低点时间表图
基金动态吧,34199,36731,1,"news,jjdt,191499643",2015-07-31T10:21:07Z,http://iguba.eastmoney.com/8089094346796072,股票风险大，割肉不玩了，改买基金算了。,现在买什么基金好？
基金人语吧,5547,2947,2,"news,jjry,103302302",2010-05-14T10:45:13Z,http://iguba.eastmoney.com/2733111818200962,调查显示，78％私募认为股市下跌与股指期货有关,私募担心二次探底减仓避险 2600点成生线
基金学校吧,6777,4955,1,"news,jjxx,103301600",2010-05-13T11:03:24Z,http://iguba.eastmoney.com/4807111960852332,"市场上的基金越来越多,有人说,选到好的基金,就像接到了飞镖一样难。怎样才能提高接到飞镖的几率?资深基金分析员建议,在“好基金”暂时无法判断的时候,不妨反其道而行之,逆选出“坏基金”并剔出组合,从而大大增加选中“好基金”的几率。比如说,那些连续数年都排名整个行业后1/2或1/4的基金,就未必投资。",不妨先剔除“坏基金”
国债期货吧,42,27974,15,"news,gzqh2,578979812",2016-12-13T22:48:31Z,http://iguba.eastmoney.com/5724212756501672,假如我T1706 买多95.88 1手，如果我不平仓，是不是到期后我要付出958800元换到面值为100万的国债啊，谢谢，在线等,请问一个国债期货的问题
房地产吧,214,8402,3,"news,bk0451,621377678",2017-03-27T09:55:54Z,http://iguba.eastmoney.com/8732134774864896,房子不住人空关要坏掉。,房子不住人空关要坏掉。
新能源吧,8,4244,0,"news,bk0493,631318220",2017-04-20T15:00:58Z,http://iguba.eastmoney.com/5956024610388302,天天跌，也是没谁了,天天跌，也是没谁了
中字头吧,29,6904,6,"news,bk0505,592192556",2017-01-19T23:06:10Z,http://iguba.eastmoney.com/3862084602241104,拉中字头的原因终于找到啦！！！,拉中字头的原因终于找到啦！！！[赞][赞][赞][赞][赞]
锂电池吧,120,11826,31,"news,bk0574,404348719",2016-05-27T11:40:21Z,http://iguba.eastmoney.com/7339094419887376,京城的雾霾...,京城的雾霾... 醇而厚重，得到内蒙古源源不断补充，持久，绵长，不易散。 广东的
迪士尼吧,16,9659,7,"news,bk0540,580082587",2016-12-16T15:34:34Z,http://iguba.eastmoney.com/8446094347531996,呜呜呜,红周一大概率咧，见到3190大幅减仓咧，不到可以持股咧
深成500吧,6,10663,8,"news,bk0568,558219700",2016-10-13T06:36:06Z,http://iguba.eastmoney.com/4949094413812150,看好持有,看好持有[牛][牛][牛]
云计算吧,66,4918,4,"news,bk0579,627836063",2017-04-12T15:39:53Z,http://iguba.eastmoney.com/5139094294464160,“一叶障目，不见泰山”---写给雄安概念,“一叶障目，不见泰山”---写给雄安概念 一叶障目的是大基建（房产、钢铁、水泥.
触摸屏吧,6,5436,1,"news,bk0583,652071393",2017-06-07T01:18:17Z,http://iguba.eastmoney.com/5941044943044114,哼哼哼！粪土当年万户侯！,哼哼哼！粪土当年万户侯！[傲][傲]
煤化工吧,6,4072,0,"news,bk0492,639395869",2017-05-09T11:19:07Z,http://iguba.eastmoney.com/8253094150275792,煤化工产业今年逆转!,煤化工产业今年逆转!
新材料吧,7,6139,2,"news,bk0523,609351718",2017-02-16T10:34:17Z,http://iguba.eastmoney.com/3335124864858522,建仓期低吸筹码，市值定增价7元协议机构.潜伏翻倍，【【加入自选股600719】】【600719【定增注入大连恒流储能】。【市值潜力7元国资委定增【【加入自选股600719】】【 【收集老庄定增筹码高抛低吸赚差价锁仓。】】 600719,经过
太阳能吧,27,5835,2,"news,bk0588,615962521",2017-03-10T12:24:36Z,http://iguba.eastmoney.com/9930014599225272,2016年对于中国光伏行业和晋能科技来说，都是不平凡的一年。2016年上半年，光伏人经历了历史性的“630抢装潮”；2016年，领跑者基地引入竞价机制，超低电价不断爆出；2016年，光伏上网标杆电价再度调整，光伏补贴坡退机制成定局；同时，2016年，中国超过德国，成为全球光伏装机容量最大的国家；2016年，《巴黎协定》正式生效，应对气候变化，控制碳排放，调整能源结构成为全球所有国家面临的共同问题；2016年，《,2017年光伏业将再一次经历630抢装潮
物联网吧,5,11571,2,"news,bk0554,441053912",2016-07-07T09:47:40Z,http://iguba.eastmoney.com/5714094574091908,垃圾物联网,垃圾物联网
长株潭吧,2,4970,0,"news,bk0593,654022592",2017-06-12T11:24:41Z,http://iguba.eastmoney.com/5396104573437526,,巨力索具明日13号股权登记日，雄安大部分票走势不强，回天，嘉寓股份，华斯股份，太
石墨烯吧,101,8869,2,"news,bk0617,645070332",2017-05-21T23:18:19Z,http://iguba.eastmoney.com/2843094389200840,广西大学可再生能源材料协同创新中心主任,沈培康教授对石墨烯的解释
央视50_吧,13,4127,0,"news,bk0610,632917091",2017-04-24T10:10:42Z,http://iguba.eastmoney.com/3813054821350386,这么多山水集团啊！！！！！！,这么多山水集团啊！！！！！！
京津冀吧,29,5563,1,"news,bk0684,625819858",2017-04-07T14:58:03Z,http://iguba.eastmoney.com/7206013284095112,下周一开启雄安概念股的暴跌行情，有暴涨必有暴跌。,下周一开启雄安概念股的暴跌行情，有暴涨必有暴跌。
大数据吧,75,4527,0,"news,bk0634,630659749",2017-04-19T12:13:45Z,http://iguba.eastmoney.com/7789094915559910,云计算 （cloud computing）是基于互联网的相关服务的增加、使用和交付模式，通常涉及通过互联网来提供动态易扩展且经常是虚拟化的资源。对于云计算的定义可以说是多种多样的，沃云恒飞作为一家致力于打通IT产业链及联盟内的各大企业的业务及项目的研发通道，在云计算网络营销运营、电子商务、云计算、大数据、移动开发等十几个软硬件方面研究颇深，对于云计算沃云恒飞是这样理解的。云是网络、互联网的一种比喻说法。过去在图中往往用云来表示电信网，后来也用来表示互联网和底层基础设施的抽象。因此，云计算甚至可以让你体验每秒10万亿次的运算能力，拥有这么强大的计算能力可以模拟核爆炸、预测气候变化和市场发展趋势。用户通过电脑、笔记本、手机等方式接入数据中心，按自己的需求进行运算。,沃云恒飞带你回忆云计算的历史演进
特斯拉吧,31,8978,2,"news,bk0644,581408990",2016-12-21T12:32:28Z,http://iguba.eastmoney.com/2025094464453400,快来看看我在播什么，跟我一起互动吧！,我在12:32发起了直播，快来看看吧！
小金属吧,28,4386,0,"news,bk0695,633045526",2017-04-24T13:38:37Z,http://iguba.eastmoney.com/1143094079353608,小金属怎么了。,小金属怎么了。
无人机吧,14,11615,5,"news,bk0704,430182404",2016-06-29T19:59:23Z,http://iguba.eastmoney.com/1780134671627070,中科有个好董秘，武帝，互动平台一答问，股票上涨没疑问。,武帝，中科
充电桩吧,21,4801,0,"news,bk0700,637071627",2017-05-04T17:04:05Z,http://iguba.eastmoney.com/6446094373172596,雄安概念从土地基建到环保再到地下管道再到智慧城市再到地热炒了一个遍。唯独充电桩没有动过，今天收盘前这个板块貌似有点反应。河北省十三五规划，2020年河北省要建设充电站1970座，充电桩6.6万个。雄安新区作为标杆会更加超前。,雄安概念从土地基建到环保再到地下管道再到智慧城市再到地热炒了一个遍。唯独充电桩没
中证500吧,6,4918,0,"news,bk0701,655589288",2017-06-15T10:37:47Z,http://iguba.eastmoney.com/3464113668432910,,通裕重工火爆 发射
高送转吧,208,8236,18,"news,bk0723,566211229",2016-11-07T15:29:09Z,http://iguba.eastmoney.com/8446094347531996,呜哇哇,要仔细挑选一下高送转的股票喽
PPP模式吧,33,19648,0,"news,bk0721,248590149",2016-02-01T19:45:36Z,http://iguba.eastmoney.com/8267014050914516,3p模式就是个p,3p模式就是个p
深股通吧,30,11515,0,"news,bk0804,570370882",2016-11-18T21:20:54Z,http://iguba.eastmoney.com/5611272287863352,大家都在期待“深港通”。我来说两句吧。“深港通”“深港通”你千万别“捅个大窟窿”！,大家都在期待“深港通”。我来说两句吧。“深港通”“深港通”你千万别“捅个大窟窿”
钛白粉吧,45,10654,0,"news,bk0805,581958975",2016-12-22T21:32:57Z,http://iguba.eastmoney.com/4949094413812150,心态不扎实 再过硬的技术也不过一副空牌！,心态不扎实 再过硬的技术也不过一副空牌！ ‘不忘初心，方得始终’相信这句话很多人
页岩气吧,8,8810,3,"news,bk0603,586537173",2017-01-09T18:11:28Z,http://iguba.eastmoney.com/4949094413812150,"耐得住时间考验才最真实、能让你赚到大钱的不是你的判断、而是耐心等待的功夫我们所做的事、不超出任何人的能力范围、多做额外的工作、不尽然就能得到与别人不同的结果,时间是杰出（快乐）人的朋友、平庸人（痛苦）的敌人.",耐得住时间考验才最真实、能让你赚到大钱的不是你的判断、而是耐心等待的功夫我们所做
地热能吧,6,7992,2,"news,bk0622,583779742",2016-12-29T12:46:16Z,http://iguba.eastmoney.com/8067034809998886,人啊所以所有的问题都是钱的问题。。。。。。。不容易啊不容易。,人啊所以所有的问题都是钱的问题。。。。。。。不容易啊不容易。[胜利][好困惑][
蓝宝石吧,15,45486,195,"news,bk0674,583041031",2016-12-27T11:08:58Z,http://iguba.eastmoney.com/9683094286743822,果果流水账,果果流水账[微笑][大笑]，在回首别有一翻滋味[想一下][傲]马上十年啦[拜神]
氟化工吧,8,10875,10,"news,bk0690,550020320",2016-09-09T12:07:59Z,http://iguba.eastmoney.com/2247094477528484,,多氟多给氟化工丢脸了
IPO受益吧,5,4649,1,"news,bk0697,625875804",2017-04-07T17:03:18Z,http://iguba.eastmoney.com/9861074909434624,Pre-IPO企业：江苏腾达缸泵机械股份有限公司，定增300万股，6元/股，2017年年报公布后90日内申报IPO。可详情咨询,准IPO企业定增
沪港通吧,9,11381,1,"news,bk0702,551092736",2016-09-13T11:26:59Z,http://iguba.eastmoney.com/5241034609643672,最近港股震荡厉害，上周五刚站稳24000点，今日低开收盘跌了800多点，心塞中……为了就未来走势做一个判断，我们请来七位操盘精英，都是当今股坛最当时得令的业界代表，由他们讲述最新的大市走势，最贴市的投资赢钱技巧，以及最不为人知的内幕信息，确保大家在9月份升市立不败之地。,港股跌得连他娘都不认识了，看看操盘群英怎么说
上证380吧,4,4844,0,"news,bk0705,658622181",2017-06-21T13:57:19Z,http://iguba.eastmoney.com/2462114691499446,割吧 割了，安静了,割吧 割了，安静了
沪股通吧,7,10237,4,"news,bk0707,552925224",2016-09-21T17:33:11Z,http://iguba.eastmoney.com/5337014678687514,沪股通资金流向：,VR手机新产品引关注 近亿资金净流入保千里
工业4.0吧,12,22882,0,"news,bk0810,299498539",2016-03-31T23:20:26Z,http://iguba.eastmoney.com/9699094373019358,有故事了,有故事了
养老金吧,23,1866,0,"news,bk0823,695090958",2017-08-23T09:15:37Z,http://iguba.eastmoney.com/6314094505770322,名字也改了,名字也改了
大飞机吧,32,5521,2,"news,bk0814,637512503",2017-05-05T14:14:53Z,http://iguba.eastmoney.com/3728094450432078,庄家和国家作对,庄家和国家作对
可燃冰吧,30,8374,4,"news,bk0818,652443092",2017-06-07T21:36:06Z,http://iguba.eastmoney.com/5967094936869406,中国地质调查局广州海洋地质调查局局长、天然气水合物试采现场指挥部指挥长叶建良告诉记者，此次试采面临三大难点。一是无经验可循。在2002年加拿大陆域和2013年日本海域天然气水合物试采的地质条件与我国差异极大，无成熟经验可循。二是储层开采难度最大。日本、美国、加拿大、韩国、印度瞄准的天然气水合物试采均为砂质类型，该类型资源占世界资源量5%左右，开采难度是所有类型中最低的。我国试采的泥质粉砂型储层资源量在世界上占比超过90%，是我国主要的储集类型，具有特低孔隙度、特低渗透率等特点，同时深水区浅部地层松软易垮塌，易发生井漏，钻探风险极高，开采难度最大。三是没有专用设备和材料。,中国地质调查局广州海洋地质调查局局长、天然气水合物试采现场指挥部指挥长叶建良告诉
区块链吧,93,13261,1,"news,bk0830,400168957",2016-05-23T20:35:49Z,http://iguba.eastmoney.com/5802014132754444,龙头000616双料即将爆发,龙头000616双料即将爆发
车联网吧,10,12008,0,"news,bk0920,515063358",2016-08-05T10:32:23Z,http://iguba.eastmoney.com/4248094318276304,别联网龙头,别联网龙头皖通科技，金固无非就是消息面刺激必然补跌
深港通吧,56,13557,0,"news,bk0930,525932733",2016-08-11T20:00:33Z,http://iguba.eastmoney.com/8975094338384416,什么时候公布？,什么时候公布？
草甘膦吧,22,13001,1,"news,bk0950,546683954",2016-08-31T09:05:34Z,http://iguba.eastmoney.com/2079094222030668,这是什么鸟板块？,这是什么鸟板块？
壳资源吧,20,12408,0,"news,bk0820,324319667",2016-04-16T00:43:21Z,http://iguba.eastmoney.com/6753074594124936,啥题材都有，我勒个去。,啥题材都有，我勒个去。
债转股吧,25,12116,0,"news,bk0980,559567492",2016-10-18T07:20:45Z,http://iguba.eastmoney.com/2168094378756262,债转股，此概念 必定是今年火爆题材！,债转股，此概念 必定是今年火爆题材！
沪锡吧,163,15230,4,"news,fshfesn,155235608",2015-03-31T10:01:08Z,http://iguba.eastmoney.com/4714094212864422,重大利好！降息！定向降准！利多农产品！重点关注小市值品种;菜粕（RM1511) 最容易反弹！,大利好！降息！定向降准！利多！开菜粕1511多单
(201000)R003,26,12446,0,"news,201000,48392422",2012-02-14T13:55:19Z,http://iguba.eastmoney.com/2050113288689486,有知道内情的？出来爆爆料呀！大家都支持一下！！！,有知道内情的？出来爆爆料呀！大家都支持一下！！！
(201001)R007,63,26018,1,"news,201001,43730968",2011-09-09T16:00:44Z,http://iguba.eastmoney.com/8010113075460172,【记者调查】国务院《社会团体登记管理条例》和民政部《取缔非法民间组织暂行办法》均规定，众泰未经登记，擅自以社团名义进行活动的，属非法民间组织，应予以取缔并没收非法财产。“民政部全国性社会组织查询系统”中没有任何关于“世界杰出华商协会”的登记信息。,中非众泰希望工程事件疑点揭开 世华会境内铁牛活动非法
(201008)R001,21,24996,1,"news,201008,82681118",2013-07-12T10:52:14Z,http://iguba.eastmoney.com/4157023721604336,支持。。。,R001哈哈哈
(201004)R091,16,30294,1,"news,201004,90415286",2013-10-29T19:28:02Z,http://iguba.eastmoney.com/2583111833761926,发贴人IP:123.12.137.*：,20100417发的贴：操盘手盘口数字语言揭密
次新股吧,2599,11617,24,"news,bk0501,618007568",2017-03-16T19:25:42Z,http://iguba.eastmoney.com/5517094365848652,放大量，要小心，快了明天到顶。最迟28日结束。,放大量，要小心，快了明天到顶。最迟28日结束。
(201003)R028,49,23530,1,"news,201003,82681796",2013-07-12T10:56:41Z,http://iguba.eastmoney.com/5559013721604284,支持支持。。,R028哈哈哈
(201009)R002,16,15752,1,"news,201009,117960353",2014-08-11T15:46:41Z,http://iguba.eastmoney.com/5873114045600270,,二线欧债继续走强 因欧洲央行透露宽松预期
(201010)R004,15,28117,1,"news,201010,43731110",2011-09-09T16:06:01Z,http://iguba.eastmoney.com/8010113075460172,对听证会上常露面的众泰“听证专业户”，需要分情况判断。,听证众泰专业户回应质疑称最反感说铁牛自己被收买
(201002)R014,10,25191,1,"news,201002,82681828",2013-07-12T10:56:28Z,http://iguba.eastmoney.com/5560013721604282,支持支持。。,R014哈哈哈
(201005)R182,48,10950,0,"news,201005,156210823",2015-04-04T10:30:48Z,http://iguba.eastmoney.com/5270114121440746,交易编码是客户、从事自营业务的交易会员进行期货交易的专用代码。,股票知识二：投资者如何认识交易编码制度
QFII重仓吧,6,4816,0,"news,bk0535,660306626",2017-06-25T10:36:29Z,http://iguba.eastmoney.com/1474044713496374,加油,加油
新三板吧,5751,11332,30,"news,bk0600,117527407",2014-08-06T13:56:42Z,http://iguba.eastmoney.com/7894013426537614,每个股票都有他发展规律，你觉得没有规律是因为你没有深入理解、没有掌握股票自身规律，才觉得没有规律，谁掌握规律谁赚大钱，顺势力则昌，逆势则亡，做股票是技术活，不是赌场，瞎猜、瞎蒙、瞎买、最后瞎忙，输了钱还浪费生命，技术就是技术，资金是跟市场走，市场是跟基本面走，基本面是跟政策面走，政策面是跟技术走，技术只有我三板宝1能破解，今天华信停盘再次证明我三板宝1的真理是千真万确，是经得起市场检验的！只有我三板宝1一人能破解股票密码、掌握股票发展规律，谁破解密码，谁就掌握市场，谁就能赚大钱！无所不知，无所不能，人脑+电脑、技术+经验、熟练+技巧=发大财，哈哈哈哈又预测准了！,我三板宝1
上证50_吧,346,879,0,"news,bk0611,646844450",2017-05-25T11:23:46Z,http://iguba.eastmoney.com/4787024905936182,上证50全部涨停,上证50全部涨停
上证180_吧,5,6214,0,"news,bk0612,650086694",2017-06-02T09:10:11Z,http://iguba.eastmoney.com/8438094538874240,请问上证180是否把上证50包括在内。,请问上证180是否把上证50包括在内。
贵金属吧,884,11521,5,"news,bk0732,271203466",2016-03-17T00:21:57Z,http://iguba.eastmoney.com/8854094322054232,最近很多投资朋友找到我，希望能学到一些技术，今天就抽出周末时间教大家一些简单的技术指标，KDj，,为什么教你kdj呢？一步一步来
MSCI中国吧,81,4920,1,"news,bk0821,658164833",2017-06-20T17:38:25Z,http://iguba.eastmoney.com/2697034832314726,中国加入没有？就设立这么一个版块，玩儿呢？,中国加入没有？就设立这么一个版块，玩儿呢？
2025规划吧,19,34134,3,"news,bk0713,168250301",2015-05-21T23:45:35Z,http://iguba.eastmoney.com/9578094168986930,开荒贴！,开荒贴！[胜利]
深证100R吧,1,3067,0,"news,bk0743,683815649",2017-07-28T23:35:48Z,http://iguba.eastmoney.com/8373094589912910,这个是啥指数？是漂亮50翻版吗？,这个是啥指数？是漂亮50翻版吗？
沪镍吧,2414,43703,113,"news,fshfeni,396995925",2016-05-20T11:54:32Z,http://iguba.eastmoney.com/1128094401477076,上午我画的沪镍的走势分析图，目前依然有效。换句话说，如果最终能够筑底上攻，就需要大概率以盘中展示的方式走才可以。否则，筑底失败，下破前底，又是一大波空头。,爱期一世沪镍分析专贴持续更新
现货吧,1646,7141,7,"news,xianhuo,104754113",2014-03-14T15:56:52Z,http://iguba.eastmoney.com/8539013748176946,我和几个朋友一直都在凯福德金业的黄金投资平台做黄金投资，收益挺不错的，并且在这两年里我和几个朋友各买了房子，可以这么说，自从在凯福德金业投资黄金后，我们的生活质量是有显著上升的，最让人欣赏的一点凯福德金业的工作人员认真负责，我们一直合作的很愉快。,谈谈凯福德金业出不了金一事的原委
原油吧,20048,9586,50,"news,yuanyou,675971729",2017-07-19T19:04:42Z,http://iguba.eastmoney.com/5345094459084264,操作方法，出先锤子线和倒锤子怎么操作。,大战周三EIA行情，
(202003)RC003,7,5258,5,"news,202003,617302181",2017-03-15T03:27:58Z,http://iguba.eastmoney.com/3802094843772822,只要能赢利就意味着投资成功。,不论长线短线
(202001)RC001,9,53190,8,"news,202001,34915788",2011-03-08T14:24:14Z,http://iguba.eastmoney.com/1832112953770976,请问RC001是怎么玩的，请大侠指教,请问RC001是怎么玩的，请大侠指教
(204002)GC002,45,9619,0,"news,204002,62828077",2013-02-18T13:42:04Z,http://iguba.eastmoney.com/9283513461483944,口,路咯
(204007)GC007,93,12686,1,"news,204007,195583910",2015-08-18T10:03:34Z,http://iguba.eastmoney.com/4688094208476766,想帮程阿姨卖出204007，赚一点小钱，但是海通证券交易软件禁止融券卖出。不能做！没有办法！[点击查看博客原文],海通证券交易软件禁止融券卖出
(202007)RC007,5,2298,1,"news,202007,613489344",2017-03-03T10:17:28Z,http://iguba.eastmoney.com/5669094850296732,没呀,心里那叫一个美
(204003)GC003,56,11350,0,"news,204003,99747445",2014-02-14T12:05:21Z,http://iguba.eastmoney.com/7740013183958636,太低了，不借！情愿放在活期里面,太低了，不借！
(204004)GC004,55,13178,1,"news,204004,105441754",2014-03-24T11:00:33Z,http://iguba.eastmoney.com/1783013330740246,现在搞点204004周五资金可以回来吗,现在搞点204004周五资金可以回来吗
(204014)GC014,25,9857,0,"news,204014,147906319",2015-02-10T13:48:48Z,http://iguba.eastmoney.com/7196014231382308,大家都不要卖在下午2点半的时候 才是最高的点位,大家都不要卖在下午2点半的时候 才是最高的点位
(204028)GC028,18,15099,1,"news,204028,142904600",2015-01-21T10:06:21Z,http://iguba.eastmoney.com/7423013787760350,友谊提示,注意春节期间没有利息
(204182)GC182,13,12395,3,"news,204182,97370844",2014-01-08T23:13:18Z,http://iguba.eastmoney.com/4473111828010650,纯粹的捣蛋鬼！,GR的这样的一根K线把其他K线都给淹没了，看不到以前的行情了
(204091)GC091,10,11831,1,"news,204091,184875721",2015-07-09T14:01:33Z,http://iguba.eastmoney.com/1724111642148290,坚守自己的底线，这一刻不要惊慌。去杠杆化而引发的连锁反应可以得到逐步缓解，在指数的表现上自然往下压低过程中的恐慌局面可以渐渐消退，投资者信心有待逐步恢复。目前当务之急，就是解决股市流动性，要让想卖出的股票可以卖出，形成有效的换手。市场的稳定需要一个过程，时间往往是最好的疗效，任何过激的反应都不容易奏效。在指数的自然演变过程中，我们还是要能够回归到时空自然演化来看待市场变动。根据麦氏理论的分析，打破120日均价下寻求支撑和稳定本是应该，就大盘指数的变动来看，还是符合这一预期发展格局。在短期压力之下，反击压回是一个自然过程，这一变动过程最好的修整方式就是沉淀量整固以稳定指数在合理的支撑区域。依照长周期的走势发展，周K线已经逼近48周均价线处，这里当是在结构上可望产生稳定的区域，而且也是回到年初修整平台区域，在这个位置逐步稳定并用时间来整固修整，应该是较好的整理方式。所以当大盘进一步压低回落至48周均价线区域，可以不必过于惊慌大盘的涨跌，或者一时间的劣势格局。反而我们要认识到这一区域所具备的稳定基础，并在这一条件下整固的反攻预期。这对于许多投资者而言，或许这一刻已经无法能够冷静思考，正确看待股市发展，通常也就难以有效认识市场。对于不同投资者，如果就以本栏而言，应该要继续坚守自己的底线，只要不是融资盘的持仓，应该是可以安心持股，或许回升还需要过程，但稳定当可期。尤其是从周二的盘中表现出的小盘股赚钱效应已经出现，今日早间的接续发力，同样可以激活市场人气，这对市场来说就是极大的转变征兆。稳定的预期可以产生，但大家也要注意防范再波动的风险，在没有有效扭转确立短多涨势之前，一定不要盲目追涨操作，许多投资者的不良毛病还是要能够纠正，认识到这样操作的不足之处。常态变动下，一般低接是比较容易获取收益的。当非常态的恐慌阶段渐渐远离后，大家还是要能够回归常态操作，始终要明白保持一个稳定有效的操作是非常重要的。所以，就算出现了明显的改善和转变现象，但绝非是盲目追涨交易，还是要按部就班，遵循客观的结构特征进行操作。就当前的客观结构来看，显然要想恢复中短期结构的涨势，还需要一些时间，同样要遵循周期性的扭转次序，由小到大，逐级产生压力和阻力，只有在小周期得到扭转确立涨势，再进行较长周期的攻坚。综上所述，操作上大家稳守自己的持股，市场已经进入稳定并酝酿反攻的阶段，赚钱效应的出现将会逐步消退之前的恐慌情绪，流动性的出现就能够激活市场，市场活性就能够起来。大家要能够从这个层面来认识市场，有效提升股市的流动性，基本上就能够解决近期的不良状况。回归常态下的技术性操作，本栏的分析，一路走来，始终如一。（本栏声明：文章内容纯属个人观点及理论论证说明，仅是提供您参考不应该构成投资建议；个股的分析说明不是推荐、点评，也不是建议操作，只是针对麦氏理论的量潮基础进行说明，投资者要自行研判，风险自担。）[点击查看博客原文],【财耕谈】报复性反攻恢复常态交易
